[
  {
    "Id": "1428631",
    "ThreadId": "639139",
    "Html": "Looks like there are newer versions of this proc to download directly from Jason's website:\r<br />\n<br />\n<a href=\"http://www.jasonstrate.com/tag/index-analysis/\" rel=\"nofollow\">http://www.jasonstrate.com/tag/index-analysis/</a>\r<br />\n<br />\nThe last update I see is from May 2013:\r<br />\n<br />\n<a href=\"http://www.jasonstrate.com/2013/05/index-analysis-may-update/\" rel=\"nofollow\">http://www.jasonstrate.com/2013/05/index-analysis-may-update/</a><br />\n",
    "PostedDate": "2015-06-03T08:56:05.447-07:00",
    "UserRole": null,
    "MarkedAsAnswerDate": null
  }
]