[
  {
    "Id": "699984",
    "ThreadId": "279938",
    "Html": "<p>Hello guys,</p>\n<p><br /> I found this helpful Index analysis tool but its hard for me to follow it. Can somebody help me? I think it will be very helpful for juniors like me.</p>\n<p>Regards</p>",
    "PostedDate": "2011-11-17T22:15:26.407-08:00",
    "UserRole": null,
    "MarkedAsAnswerDate": null
  },
  {
    "Id": "701681",
    "ThreadId": "279938",
    "Html": "<p>Someone here?</p>",
    "PostedDate": "2011-11-22T02:21:04.45-08:00",
    "UserRole": null,
    "MarkedAsAnswerDate": null
  },
  {
    "Id": "737781",
    "ThreadId": "279938",
    "Html": "<p>Hi,</p>\r\n<p>take a look here: http://www.jasonstrate.com/2010/11/return-of-the-index-analysis-report/</p>\r\n<p>Jason has a blog post series where you can follow the whole delevopment of this solution.</p>\r\n<p>&nbsp;</p>\r\n<p>Regards</p>\r\n<p>Dirk</p>",
    "PostedDate": "2012-02-03T06:48:11.11-08:00",
    "UserRole": null,
    "MarkedAsAnswerDate": null
  }
]