[
  {
    "Id": "215779",
    "ThreadId": "63457",
    "Html": "<p>I'm hoping to release an update to the index analysis report in the next week or so. &nbsp;If anyone would like to see anything added to the report, please add it to the discussion. &nbsp;So far I am looking at the following things in future releases:</p>\r\n<ul>\r\n<li>Improved formatting to aid in analysis</li>\r\n<li>CREATE INDEX script for CREATE and BLEND recommendations</li>\r\n<li>CREATE index recommendation on HEAPS with limited intelligence around&nbsp;</li>\r\n<li>Included document that details a number of scenarios and methods to interpret report results</li>\r\n</ul>",
    "PostedDate": "2009-07-24T09:48:11.767-07:00",
    "UserRole": null,
    "MarkedAsAnswerDate": null
  },
  {
    "Id": "653704",
    "ThreadId": "63457",
    "Html": "<p>What happened? Lack of feedback? I didn't try the RS part, but the stored procedure is the very interesting.</p>",
    "PostedDate": "2011-08-06T08:21:56.583-07:00",
    "UserRole": null,
    "MarkedAsAnswerDate": null
  },
  {
    "Id": "664977",
    "ThreadId": "63457",
    "Html": "<p>I haven't kept this area up to date due to lack of feedback. &nbsp;There has been one update to the script a few months back and I expect to make a couple more changes in the near future. &nbsp;There are some changes related to the indexing book I am working on that would improve the output.</p>",
    "PostedDate": "2011-08-29T11:29:27.523-07:00",
    "UserRole": null,
    "MarkedAsAnswerDate": null
  },
  {
    "Id": "672630",
    "ThreadId": "63457",
    "Html": "<p>Hi Jason,</p>\r\n<p>I have just started to discover your solution. And I&acute;m also looking forward to your book.</p>\r\n<p>Maybe you can build a hybrid script which will support SQL2K5 and SQL2K8 so it is a little bit easier for rollout in a multiserver env.? But that&acute;s just a little idea which I can also do by myself.</p>\r\n<p>I already have the seperate scripts from your blog site and I think these will help me a lot.</p>\r\n<p>&nbsp;</p>\r\n<p>Regards</p>\r\n<p>Dirk</p>",
    "PostedDate": "2011-09-16T02:57:00.017-07:00",
    "UserRole": null,
    "MarkedAsAnswerDate": null
  }
]