{
  "WorkItem": {
    "AffectedComponent": {
      "Name": "",
      "DisplayName": ""
    },
    "ClosedComment": "",
    "ClosedDate": null,
    "CommentCount": 0,
    "Custom": null,
    "Description": "I've got a table that has two filtered indexes that are identical EXCEPT the filter clause. The script declares them DUP and suggests dropping.  I've made the modifications to the script to compare the filter clause too.\n \nLook for filter_definition occurring in the attached file.",
    "LastUpdatedDate": "2013-02-13T19:46:30.88-08:00",
    "PlannedForRelease": "",
    "ReleaseVisibleToPublic": false,
    "Priority": {
      "Name": "Low",
      "Severity": 50,
      "Id": 1
    },
    "ProjectName": "IndexAnalysis",
    "ReportedDate": "2011-08-19T15:43:49.677-07:00",
    "Status": {
      "Name": "Proposed",
      "Id": 1
    },
    "ReasonClosed": {
      "Name": "Unassigned"
    },
    "Summary": "Declares an index as duplicate if same except in filter clause",
    "Type": {
      "Name": "Issue",
      "Id": 3
    },
    "VoteCount": 1,
    "Id": 11201
  },
  "FileAttachments": [
    {
      "FileId": 4390,
      "FileName": "Index Analysis 10.sql",
      "DownloadUrl": ".\\4390"
    }
  ],
  "Comments": []
}