[
  {
    "Id": "0",
    "Name": "Index Analysis Release",
    "DevelopmentStatus": "Beta",
    "Description": "Custom report and T-SQL query for analyzing indexes",
    "ReleasedDatge": "0001-01-01T00:00:00",
    "ModifiedDate": "2009-07-16T13:35:08.263-07:00",
    "Files": [
      {
        "Id": "79a3fc08-38e6-4607-b957-0fe31dcf1745",
        "FileName": "Index Analysis.zip",
        "Url": "./0/79a3fc08-38e6-4607-b957-0fe31dcf1745",
        "Type": "Application",
        "UploadDate": "2009-07-16T13:34:03.013-07:00"
      },
      {
        "Id": "366f3f29-94eb-49ca-8bea-d4b7f390807f",
        "FileName": "Index Analysis.rdl",
        "Url": "./0/366f3f29-94eb-49ca-8bea-d4b7f390807f",
        "Type": "Source Code",
        "UploadDate": "2009-07-16T13:34:02.98-07:00"
      },
      {
        "Id": "26ea669e-bb9b-4b41-97c4-9028d0c53eb9",
        "FileName": "Index Analysis.sql",
        "Url": "./0/26ea669e-bb9b-4b41-97c4-9028d0c53eb9",
        "Type": "Source Code",
        "UploadDate": "2009-07-16T13:34:02.997-07:00"
      }
    ]
  },
  {
    "Id": "1",
    "Name": "Index Analysis v1.0",
    "DevelopmentStatus": "Stable",
    "Description": "Custom report and T-SQL query for analyzing indexes",
    "ReleasedDatge": "0001-01-01T00:00:00",
    "ModifiedDate": "2010-11-01T22:58:03.01-07:00",
    "Files": [
      {
        "Id": "f6957257-7bd8-41a9-bd58-82825b09fbae",
        "FileName": "Index Analysis.zip",
        "Url": "./1/f6957257-7bd8-41a9-bd58-82825b09fbae",
        "Type": "Application",
        "UploadDate": "2010-11-01T22:58:02.977-07:00"
      },
      {
        "Id": "0a6651d2-f085-46df-acb1-ad93f18036bd",
        "FileName": "Index Analysis-RDL.zip",
        "Url": "./1/0a6651d2-f085-46df-acb1-ad93f18036bd",
        "Type": "Source Code",
        "UploadDate": "2010-11-01T22:58:02.977-07:00"
      },
      {
        "Id": "9d5c9774-84ff-4af8-a2b8-f1383d0f86a1",
        "FileName": "sp_IndexAnalysis2005.zip",
        "Url": "./1/9d5c9774-84ff-4af8-a2b8-f1383d0f86a1",
        "Type": "Source Code",
        "UploadDate": "2010-11-01T22:58:02.993-07:00"
      }
    ]
  }
]